{
  "train_loss": [
    526.3701712771556,
    522.4129378840012,
    520.6840497792448,
    518.6264083451234,
    517.9999976871347,
    516.1350351843835,
    515.9871008730903,
    515.0918197279972,
    514.3741851440478,
    513.8155478583955,
    513.3876814718868,
    512.8883699258615,
    512.9019103705834,
    513.1530266858572,
    513.3191162542952,
    512.5053420292451,
    513.0820617426123,
    513.5300191337932,
    512.3116486257527,
    512.7945300995617,
    513.0219795182259,
    512.2267513666458,
    512.5606675295961,
    511.8121741496834,
    512.9097624657111,
    511.2900466473389,
    511.11870181546,
    510.7587096866492,
    511.7296131330271,
    511.22043024024526,
    512.3679891217349,
    511.1436119582267,
    511.68419337102165,
    511.4189130150847,
    511.2477448860027,
    510.66905462225407,
    510.32059393169817,
    510.6565405392031,
    509.7526280946572,
    509.18820643268634,
    508.38333093531025,
    508.6761017470946,
    506.85395650443706,
    508.4021193513104,
    505.82400525917257,
    505.6435244772715,
    504.47726602966753,
    504.5997148551666,
    504.232599277762,
    503.9642022944055,
    503.09793293470443,
    502.41512093690034,
    502.4387514470928,
    500.92779292712453,
    501.43205752838384,
    500.5715320916909,
    501.75580652960406,
    499.1795372385029
  ],
  "val_loss": [
    100.47191530634663,
    98.31593389850423,
    96.79930298316829,
    95.92060490047695,
    94.81163520535986,
    93.79287021750011,
    93.11482432570057,
    92.658305351863,
    92.02405342117557,
    91.53628786317263,
    91.31989504343692,
    91.04072608869079,
    91.1449019277665,
    91.30136381306808,
    91.33507996899331,
    91.93832263208054,
    91.46734916431272,
    90.43664332941728,
    91.57351129640416,
    90.64068410847739,
    90.56568720257675,
    90.95089990276477,
    90.37804468579309,
    90.46387219183597,
    90.82875501245914,
    90.99487150474435,
    91.0791259062192,
    91.52822775244044,
    90.75395928013909,
    91.63406913100916,
    90.90923947702235,
    91.95738386905619,
    90.16024301017407,
    90.8927723654207,
    91.06096484093727,
    91.19724427586344,
    90.24786451963338,
    91.94800959310408,
    91.73529783579,
    91.16865548222013,
    90.02528032285113,
    90.01697231865899,
    91.02749953042277,
    90.70416558574676,
    91.06693082080207,
    90.52438795284681,
    91.03691968037978,
    89.78274449434898,
    89.82936218323763,
    91.39540384766279,
    90.9672067645542,
    91.8908163629565,
    91.286979990177,
    90.69010683228885,
    89.60964815153683,
    91.52466646816316,
    90.52522730658033,
    92.65679273935932
  ],
  "val_profitable_auc": [
    0.8478238649710481,
    0.8818337776542939,
    0.8921393519204899,
    0.8945277635421259,
    0.896729652454233,
    0.8977967102219244,
    0.899805136949565,
    0.9029899019614328,
    0.9015031680973011,
    0.9040631858000961,
    0.9067937719055551,
    0.9079110273704566,
    0.9066261868285652,
    0.9082929579116306,
    0.9076371451026051,
    0.9083923804824607,
    0.9075121048439221,
    0.9071913324790644,
    0.9096189813188037,
    0.9089931314763299,
    0.9099709488934262,
    0.9100785431824069,
    0.9099926104320154,
    0.9096082802593211,
    0.9109680930724973,
    0.9110888529073871,
    0.9109576514326385,
    0.9113860180864768,
    0.9103709090984557,
    0.9104019745984087,
    0.9100079161898209,
    0.9114849866729653,
    0.9118806015992961,
    0.9119573898079477,
    0.9106781267879687,
    0.910953695283375,
    0.911642778659156,
    0.9106178117254298,
    0.9115456908649401,
    0.9115596995246265,
    0.9107647729423258,
    0.910711527064536,
    0.9121968989756428,
    0.9106284479300064,
    0.9104782439678127,
    0.910538169900916,
    0.9111847084583897,
    0.9118914972234965,
    0.9106631453046927,
    0.910328104860525,
    0.9104545719271389,
    0.9102847817833465,
    0.9108363727585009,
    0.9115780534630119,
    0.9110439733124656,
    0.9106597079946772,
    0.9114039180405207,
    0.9103715576475154
  ],
  "val_profitable_acc": [
    0.7499333511063716,
    0.802852572647294,
    0.824713409757398,
    0.8619034924020261,
    0.8641695547853906,
    0.8529725406558251,
    0.8572380698480405,
    0.8315115969074913,
    0.8563049853372434,
    0.8512396694214877,
    0.8448413756331645,
    0.8485737136763529,
    0.8511063716342309,
    0.8259130898427086,
    0.8512396694214877,
    0.8265795787789922,
    0.8281791522260731,
    0.8317781924820048,
    0.8384430818448414,
    0.8475073313782991,
    0.8312450013329779,
    0.8308451079712077,
    0.8119168221807518,
    0.8317781924820048,
    0.8348440415889096,
    0.807384697414023,
    0.8243135163956279,
    0.8140495867768595,
    0.8316448946947481,
    0.8191149026926153,
    0.8243135163956279,
    0.8173820314582778,
    0.8120501199680086,
    0.8100506531591576,
    0.8124500133297787,
    0.8149826712876567,
    0.8185817115435884,
    0.8205811783524394,
    0.8145827779258864,
    0.8207144761396961,
    0.8221807517995201,
    0.8229805385230605,
    0.8243135163956279,
    0.8249800053319115,
    0.8249800053319115,
    0.8311117035457212,
    0.8184484137563316,
    0.825246600906425,
    0.8189816049053585,
    0.82178085843775,
    0.8340442548653693,
    0.8343108504398827,
    0.8361770194614769,
    0.8259130898427086,
    0.8344441482271394,
    0.8307118101839509,
    0.8331111703545722,
    0.8367102106105039
  ],
  "val_rug_auc": [
    NaN,
    NaN,
    NaN,
    NaN,
    NaN,
    NaN,
    NaN,
    NaN,
    NaN,
    NaN,
    NaN,
    NaN,
    NaN,
    NaN,
    NaN,
    NaN,
    NaN,
    NaN,
    NaN,
    NaN,
    NaN,
    NaN,
    NaN,
    NaN,
    NaN,
    NaN,
    NaN,
    NaN,
    NaN,
    NaN,
    NaN,
    NaN,
    NaN,
    NaN,
    NaN,
    NaN,
    NaN,
    NaN,
    NaN,
    NaN,
    NaN,
    NaN,
    NaN,
    NaN,
    NaN,
    NaN,
    NaN,
    NaN,
    NaN,
    NaN,
    NaN,
    NaN,
    NaN,
    NaN,
    NaN,
    NaN,
    NaN,
    NaN
  ],
  "val_rug_acc": [
    0.7448680351906158,
    0.9285523860303919,
    1.0,
    1.0,
    1.0,
    1.0,
    1.0,
    1.0,
    1.0,
    1.0,
    1.0,
    1.0,
    1.0,
    1.0,
    1.0,
    1.0,
    1.0,
    1.0,
    1.0,
    1.0,
    1.0,
    1.0,
    1.0,
    1.0,
    1.0,
    1.0,
    1.0,
    1.0,
    1.0,
    1.0,
    1.0,
    1.0,
    1.0,
    1.0,
    1.0,
    1.0,
    1.0,
    1.0,
    1.0,
    1.0,
    1.0,
    1.0,
    1.0,
    1.0,
    1.0,
    1.0,
    1.0,
    1.0,
    1.0,
    1.0,
    1.0,
    1.0,
    1.0,
    1.0,
    1.0,
    1.0,
    1.0,
    1.0
  ],